insert into biblioteca.obras (titulo,editora,idioma,genero,ano)
values ('Filhos de Sangue e Osso', 'Rocco', 'pt-br', 'Fantasia', 2018);

insert into biblioteca.obras (titulo,editora,idioma,genero,ano)
values ('O Fim da Eternidade', 'Aleph', 'pt-br', 'Ficção Científica', 1955);

insert into biblioteca.obras (titulo,editora,idioma,genero,ano)
values ('Os Próprios Deuses', 'Aleph', 'pt-br', 'Ficção Científica', 1972);

insert into biblioteca.obras (titulo,editora,idioma,genero,ano)
values ('Fundação', 'Aleph', 'pt-br', 'Ficção Científica', 1951);

insert into biblioteca.obras (titulo,editora,idioma,genero,ano)
values ('Fundação e Império', 'Aleph', 'pt-br', 'Ficção Científica', 1951);

insert into biblioteca.obras (titulo,editora,idioma,genero,ano)
values ('Segunda Fundação', 'Aleph', 'pt-br', 'Ficção Científica', 1951);

insert into biblioteca.obras (titulo,editora,idioma,genero,ano)
values ('Limites da Fundação', 'Aleph', 'pt-br', 'Ficção Científica', 1982);

insert into biblioteca.obras (titulo,editora,idioma,genero,ano)
values ('Fundação e Terra', 'Aleph', 'pt-br', 'Ficção Científica', 1986);

insert into biblioteca.obras (titulo,editora,idioma,genero,ano)
values ('Prelúdio à Fundação', 'Aleph', 'pt-br', 'Ficção Científica', 1988);

insert into biblioteca.obras (titulo,editora,idioma,genero,ano)
values ('Origens da Fundação', 'Aleph', 'pt-br', 'Ficção Científica', 1993);

insert into biblioteca.obras (titulo,editora,idioma,genero,ano)
values ('1984', 'Companhia das Letras', 'pt-br', 'Ficção Científica', 1961);

insert into biblioteca.obras (titulo,editora,idioma,genero,ano)
values ('Laranja Mecânica', 'Aleph', 'pt-br', 'Ficção Científica', 1962);

insert into biblioteca.obras (titulo,editora,idioma,genero,ano)
values ('2001: Uma Odisséia no Espaço', 'Aleph', 'pt-br', 'Ficção Científica', 1968);

insert into biblioteca.obras (titulo,editora,idioma,genero,ano)
values ('O Hobbit', 'Martins', 'pt-br', 'Fantasia', 1937);

insert into biblioteca.obras (titulo,editora,idioma,genero,ano)
values ('Pantera Negra: Uma Nação Sob Nossos Pés Livro 01', 'Panini Comics', 'pt-br', 'Ficção Científica', 2017);

insert into biblioteca.obras (titulo,editora,idioma,genero,ano)
values ('Pantera Negra: Uma Nação Sob Nossos Pés Livro 02', 'Panini Comics', 'pt-br', 'Ficção Científica', 2017);

insert into biblioteca.obras (titulo,editora,idioma,genero,ano)
values ('Pantera Negra: Uma Nação Sob Nossos Pés Livro 03', 'Panini Comics', 'pt-br', 'Ficção Científica', 2017);

insert into biblioteca.livros (id_isbn, titulo, autor, editora, idioma, genero, ano)
values (9788568263730, 'Filhos de Sangue e Osso', 'Tomi Adeyemi', 'Rocco', 'pt-br', 'Fantasia', 2018);

insert into biblioteca.livros (id_isbn, titulo, autor, editora, idioma, genero, ano)
values (9788576570417, 'O Fim da Eternidade', 'Isaac Asimov', 'Aleph', 'pt-br', 'Ficção Científica', 1955);

insert into biblioteca.livros (id_isbn, titulo, autor, editora, idioma, genero, ano)
values (9788576570974, 'Os Próprios Deuses', 'Isaac Asimov', 'Aleph', 'pt-br', 'Ficção Científica', 1972);

insert into biblioteca.livros (id_isbn, titulo, autor, editora, idioma, genero, ano)
values (9788576570660, 'Fundação', 'Isaac Asimov', 'Aleph', 'pt-br', 'Ficção Científica', 1951);

insert into biblioteca.livros (id_isbn, titulo, autor, editora, idioma, genero, ano)
values (9788576570677, 'Fundação e Império', 'Isaac Asimov', 'Aleph', 'pt-br', 'Ficção Científica', 1951);

insert into biblioteca.livros (id_isbn, titulo, autor, editora, idioma, genero, ano)
values (9788576570684, 'Segunda Fundação', 'Isaac Asimov', 'Aleph', 'pt-br', 'Ficção Científica', 1951);

insert into biblioteca.livros (id_isbn, titulo, autor, editora, idioma, genero, ano)
values (9788576571339, 'Limites da Fundação', 'Isaac Asimov', 'Aleph', 'pt-br', 'Ficção Científica', 1982);

insert into biblioteca.livros (id_isbn, titulo, autor, editora, idioma, genero, ano)
values (9788576571377, 'Fundação e Terra', 'Isaac Asimov', 'Aleph', 'pt-br', 'Ficção Científica', 1986);

insert into biblioteca.livros (id_isbn, titulo, autor, editora, idioma, genero, ano)
values (9788576571612, 'Preludio à Fundação', 'Isaac Asimov', 'Aleph', 'pt-br', 'Ficção Científica', 1988);

insert into biblioteca.livros (id_isbn, titulo, autor, editora, idioma, genero, ano)
values (9788576571766, 'Fundação', 'Isaac Asimov', 'Aleph', 'pt-br', 'Ficção Científica', 1993);

insert into biblioteca.livros (id_isbn, titulo, autor, editora, idioma, genero, ano)
values (9788535914849, '1984', 'George Orwell', 'Companhia das Letras', 'pt-br', 'Ficção Científica', 1961);

insert into biblioteca.livros (id_isbn, titulo, autor, editora, idioma, genero, ano)
values (9788576570035, 'Laranja Mecânica', 'Anthony Burges', 'Aleph', 'pt-br', 'Ficção Científica', 1962);

insert into biblioteca.livros (id_isbn, titulo, autor, editora, idioma, genero, ano)
values (9788576571551, '2001: Uma Odisséia no Espaço', 'Arthur C. Clarke', 'Aleph', 'pt-br', 'Ficção Científica', 1968);

insert into biblioteca.livros (id_isbn, titulo, autor, editora, idioma, genero, ano)
values (9788578277109, 'O Hobbit', 'J. R. R. Tolkien', 'Martins', 'pt-br', 'Fantasia', 1937);

insert into biblioteca.periodico (id_doi, editora, idioma, genero, ano)
values (9788542607024, 'Panini Comics', 'pt-br', 'Ficção Científica', 2017);

insert into biblioteca.periodico (id_doi, editora, idioma, genero, ano)
values (9788542608076, 'Panini Comics', 'pt-br', 'Ficção Científica', 2017);

insert into biblioteca.periodico (id_doi, editora, idioma, genero, ano)
values (9788542608083, 'Panini Comics', 'pt-br', 'Ficção Científica', 2017);

insert into biblioteca.exemplares(numero,edicao,obras_titulo) values(1, 1, 'Pantera Negra: Uma Nação Sob Nossos Pés Livro 01');

	insert into biblioteca.cliente (endereco, nome, idade) values ('Orïsha', 'Zélie', 19);

insert into biblioteca.cliente (endereco,nome,dias_de_atraso,operacao,data_de_operacao,idade)
values('Orïsha','Tzain', 7, 'Boqueio por atraso', '2019-09-06', 22);

insert into biblioteca.cliente(endereco,nome,idade)
	values('São Cristóvão','Geovanne',21);

insert into biblioteca.atendente(dia_de_pagamento) values ('2019-09-30');